name;country;gross;director
Toy Story;United States;3.73E8; John  Lasseter
GoldenEye;United Kingdom;3.521E8; Martin  Campbell
GoldenEye;United States;3.521E8; Martin  Campbell
Four Rooms;United States;4257354.0; Allison  Anders
Four Rooms;United States;4257354.0; Quentin  Tarantino
Four Rooms;United States;4257354.0; Robert  Rodriguez
Four Rooms;United States;4257354.0; Alexandre  Rockwell
Get Shorty;United States;1.151E8; Barry  Sonnenfeld
Copycat;United States;3.2E7; Jon  Amiel
Shanghai Triad;China;2086101.0; Zhang  Yimou
12;United States;1.688E8; Terry  Gilliam
Babe;Australia;2.541E8; Chris  Noonan
Babe;United Kingdom;2.541E8; Chris  Noonan
Babe;United States;2.541E8; Chris  Noonan
Dead Man Walking;United States;8.3E7; Tim  Robbins
Richard III;United Kingdom;2700000.0; Richard  Loncraine
Mighty Aphrodite;United States;2.6E7; Woody  Allen
Mr. Holland's Opus;United States;1.063E8; Stephen  Herek
Antonia's Line;Netherlands;4200000.0; Marleen  Gorris
Angels & Insects;United Kingdom;3400000.0; Philip  Haas
Angels & Insects;United States;3400000.0; Philip  Haas
Muppet Treasure Island;United States;3.43E7; Brian  Henson
Braveheart;United States;2.132E8; Mel  Gibson
Taxi Driver;United States;2.84E7; Martin  Scorsese
Rumble in the Bronx;Hong Kong;7.6E7; Stanley  Tong
The Birdcage;United States;1.853E8; Mike  Nichols
The Brothers McMullen;United States;1.0E7; Edward  Burns
Bad Boys;United States;1.414E8; Michael  Bay
Apollo 13;United States;3.552E8; Ron  Howard
Batman Forever;United States;3.366E8; Joel  Schumacher
Belle de Jour;France;2.02E7; Luis  Buñuel
Belle de Jour;Italy;2.02E7; Luis  Buñuel
Crimson Tide;United States;1.574E8; Tony  Scott
Crumb;United States;3174695.0; Terry  Zwigoff
Desperado;United States;2.54E7; Robert  Rodriguez
The Doom Generation;France;284785.0; Gregg  Araki
The Doom Generation;United States;284785.0; Gregg  Araki
Free Willy 2:;United States;3.0E7; Dwight  H.  Little
The Adventure Home;United States;3.0E7; Dwight  H.  Little
Mad Love;United States;1.5453274E7; Antonia  Bird
Nadja;United States;443169.0; Michael  Almereyda
The Net;United States;1.106E8; Irwin  Winkler
Strange Days;United States;8000000.0; Kathryn  Bigelow
Billy Madison;United States;2.64E7; Tamra  Davis
Dolores Claiborne;United States;4.64E7; Taylor  Hackford
Eat Drink Man Woman;Taiwan;7200000.0; Ang  Lee
Eat Drink Man Woman;United States;7200000.0; Ang  Lee
Exotica;Canada;5130000.0; Atom  Egoyan
Ed Wood;United States;5900000.0; Tim  Burton
Hoop Dreams;United States;1.18E7; Steve  James  (film  producer)
I.Q.;United States;2.6381221E7; Fred  Schepisi
Legends of the Fall;United States;1.606E8; Edward  Zwick
The Madness of King George;United Kingdom;1.52E7; Nicholas  Hytner
Outbreak;United States;1.898E8; Wolfgang  Petersen
Pulp Fiction;United States;2.139E8; Quentin  Tarantino
Stargate;France;1.966E8; Roland  Emmerich
Stargate;United States;1.966E8; Roland  Emmerich
The Santa Clause;United States;1.898E8; John  Pasquin
The Shawshank Redemption;United States;5.83E7; Frank  Darabont
What's Eating Gilbert Grape;United States;1.0E7; Lasse  Hallström
Ace Ventura: Pet Detective;United States;1.072E8; Tom  Shadyac
Forrest Gump;United States;6.831E8; Robert  Zemeckis
Four Weddings and a Funeral;United Kingdom;2.457E8; Mike  Newell  (director)
The Lion King;United States;9.685E8; Rob  Minkoff
The Lion King;United States;9.685E8; Roger  Allers
Maverick;United States;1.83E8; Richard  Donner
Faster, Pussycat! Kill! Kill!;United States;36122.0; Russ  Meyer
Carlito's Way;United States;6.3E7; Brian  De  Palma
The Firm;United States;2.702E8; Sydney  Pollack
Free Willy;United States;1.536E8; Simon  Wincer
The Fugitive;United States;3.689E8; Andrew  Davis  (director)
The Fugitive: Limited Edition Expanded Archival Collection;United States;3.689E8; Andrew  Davis  (director)
Hot Shots! Part Deux;United States;1.338E8; Jim  Abrahams
The Hudsucker Proxy;United Kingdom;1.1E7; Coen  brothers
The Hudsucker Proxy;United States;1.1E7; Coen  brothers
Jurassic Park;United States;1.034E9; Steven  Spielberg
Much Ado About Nothing;United Kingdom;4.3E7; Kenneth  Branagh
Much Ado About Nothing;United States;4.3E7; Kenneth  Branagh
The Puppet Masters;United States;8647042.0;Stuart Orme
The Ref;United States;1.1E7; Ted  Demme
Searching for Bobby Fischer;United States;7266383.0; Steven  Zaillian
Sleepless in Seattle;United States;2.278E8; Nora  Ephron
Blade Runner;Hong Kong;4.15E7; Ridley  Scott
Blade Runner;United States;4.15E7; Ridley  Scott
So I Married an Axe Murderer;United States;1.15E7; Thomas  Schlamme
The Nightmare Before Christmas;United States;9.15E7; Henry  Selick
True Romance;United States;1.26E7; Tony  Scott
Welcome to the Dollhouse;United States;5000000.0; Todd  Solondz
Home Alone;United States;4.767E8; Chris  Columbus  (filmmaker)
Aladdin;United States;5.041E8;John Musker
Aladdin;United States;5.041E8;Ron Clements
Terminator 2: Judgment Day;United States;5.209E8; James  Cameron
Dances with Wolves;United States;4.242E8; Kevin  Costner
The Silence of the Lambs;United States;2.727E8; Jonathan  Demme
Snow White and the Seven Dwarfs;United States;4.18E8; Larry  Morey
Snow White and the Seven Dwarfs;United States;4.18E8; David  Hand  (animator)
Snow White and the Seven Dwarfs;United States;4.18E8; Ben  Sharpsteen
Snow White and the Seven Dwarfs;United States;4.18E8; Wilfred  Jackson
Snow White and the Seven Dwarfs;United States;4.18E8; Perce  Pearce
Snow White and the Seven Dwarfs;United States;4.18E8;Sequence Directors
Snow White and the Seven Dwarfs;United States;4.18E8;Supervising Director
Snow White and the Seven Dwarfs;United States;4.18E8;William Cottrell
Heavy Metal;Canada;2.01E7; Gerald  Potterton
Heavy Metal;United States;2.01E7; Gerald  Potterton
All Dogs Go to Heaven 2;United States;8600000.0;Larry Leker
All Dogs Go to Heaven 2;United States;8600000.0;Co-director:
All Dogs Go to Heaven 2;United States;8600000.0;Paul Sabella
Sgt. Bilko;United States;3.7956793E7; Jonathan  Lynn
Diabolique;United States;1.624E8; Jeremiah  S.  Chechik
Mystery Science Theater 3000: The Movie;United States;1007306.0; Jim  Mallon
The Truth About Cats & Dogs;United States;3.4073143E7; Michael  Lehmann
Flipper;United States;2.008002E7;Alan Shapiro
The Horseman on the Roof;France;23.0; Jean-Paul  Rappeneau
The Rock;United States;3.351E8; Michael  Bay
Twister;United States;4.957E8; Jan  de  Bont
Maya Lin: A Strong Clear Vision;United States;62186.0; Freida  Lee  Mock
Striptease;United States;1.133E8; Andrew  Bergman
The Cable Guy;United States;1.028E8; Ben  Stiller
The Frighteners;New Zealand;2.93E7; Peter  Jackson
The Frighteners;United States;2.93E7; Peter  Jackson
Lone Star;United States;1.3E7; John  Sayles
The Spitfire Grill;United States;1.2643776E7; Lee  David  Zlotoff
The Godfather;United States;246.0; Francis  Ford  Coppola
Kansas City;United States;1356329.0; Robert  Altman
Breakfast at Tiffany's;United States;1.4E7; Blake  Edwards
The Wizard of Oz;United States;2.97E7; Victor  Fleming
Gone with the Wind;United States;3.9E8; Victor  Fleming
Tarleton;United States;3.9E8; Victor  Fleming
Citizen Kane;United States;1600000.0; Orson  Welles
2001;United Kingdom;1.46E8; Stanley  Kubrick
2001;United States;1.46E8; Stanley  Kubrick
Mr. Smith Goes to Washington;United States;9000000.0; Frank  Capra
D3: The Mighty Ducks;United States;2.29E7; Robert  Lieberman
Donald Drysdale;United States;5.1264E7; Robert  Stevenson  (director)
The Love Bug;United States;5.1264E7; Robert  Stevenson  (director)
Homeward Bound: The Incredible Journey;United States;5.7E7; Duwayne  Dunham
20000;United States;2.82E7; Richard  Fleischer
Bedknobs and Broomsticks;United States;1.79E7; Robert  Stevenson  (director)
The Sound of Music;United States;2.862E8; Robert  Wise
Die Hard;United States;139.8; John  McTiernan
The Lawnmower Man;Japan;3.21E7; Brett  Leonard
The Lawnmower Man;United Kingdom;3.21E7; Brett  Leonard
The Lawnmower Man;United States;3.21E7; Brett  Leonard
Unhook the Stars;France;272542.0; Nick  Cassavetes
Unhook the Stars;United States;272542.0; Nick  Cassavetes
The Ghost and the Darkness;United States;7.5E7; Stephen  Hopkins  (director)
Jude;United Kingdom;409144.0; Michael  Winterbottom
Swingers;United States;4600000.0; Doug  Liman
Willy Wonka & the Chocolate Factory;United States;4000000.0; Mel  Stuart
Monty Python's Life of Brian;United Kingdom;2.07E7; Terry  Jones
Dirty Dancing;United States;2.146E8; Emile  Ardolino
Reservoir Dogs;United States;2900000.0; Quentin  Tarantino
Platoon;United States;1.385E8; Oliver  Stone
Weekend at Bernie's;United States;3.02E7; Ted  Kotcheff
Basic Instinct;France;3.529E8; Paul  Verhoeven
Basic Instinct;United Kingdom;3.529E8; Paul  Verhoeven
Basic Instinct;United States;3.529E8; Paul  Verhoeven
Glengarry Glen Ross;United States;1.07E7; James  Foley  (director)
Top Gun;United States;3.571E8; Tony  Scott
On Golden Pond;United States;1.193E8; Mark  Rydell
The Return of the Pink Panther;United Kingdom;7.5E7; Blake  Edwards
The Return of the Pink Panther;United States;7.5E7; Blake  Edwards
The Abyss;United States;9.0E7; James  Cameron
Jean de Florette;France;8.7E7; Claude  Berri
Jean de Florette;Italy;8.7E7; Claude  Berri
Jean de Florette;Switzerland;8.7E7; Claude  Berri
Manon des Sources;France;5.64E7; Claude  Berri
Manon des Sources;Italy;5.64E7; Claude  Berri
Manon des Sources;Switzerland;5.64E7; Claude  Berri
Cinema Paradiso;Italy;1.239721E7; Giuseppe  Tornatore
The Princess Bride;United States;3.09E7; Rob  Reiner
Raiders of the Lost Ark;United States;3.899E8; Steven  Spielberg
The Good, the Bad and the Ugly;Italy;2.51E7; Sergio  Leone
12;United States;2000000.0; Sidney  Lumet
Apocalypse Now;United States;100.0; Francis  Ford  Coppola
Goodfellas;United States;4.71E7; Martin  Scorsese
Alien;United Kingdom;1.063E8; Ridley  Scott
Alien;United States;1.063E8; Ridley  Scott
Army of Darkness;United States;2.15E7; Sam  Raimi
The Blues Brothers;United States;1.152E8; John  Landis
The Godfather Part II;United States;48.0; Francis  Ford  Coppola
Full Metal Jacket;United Kingdom;1.2E8; Stanley  Kubrick
Full Metal Jacket;United States;1.2E8; Stanley  Kubrick
Henry V;United Kingdom;1.02E7; Kenneth  Branagh
Amadeus;United States;9.0E7; Miloš  Forman
Raging Bull;United States;2.34E7; Martin  Scorsese
The Right Stuff;United States;2.11E7; Philip  Kaufman
The Sting;United States;1.596E8; George  Roy  Hill
The Terminator;United States;7.83E7; James  Cameron
Dead Poets Society;United States;2.359E8; Peter  Weir
The Bridge on the River Kwai;United Kingdom;3.06E7; David  Lean
The Bridge on the River Kwai;United States;3.06E7; David  Lean
The Shining;United Kingdom;4.7E7; Stanley  Kubrick
The Shining;United States;4.7E7; Stanley  Kubrick
Evil Dead II;United States;1.09E7; Sam  Raimi
Groundhog Day;United States;1.05E8; Harold  Ramis
Unforgiven;United States;1.592E8; Clint  Eastwood
Back to the Future;United States;3.888E8; Robert  Zemeckis
Patton;United States;4.5E7; Franklin  J.  Schaffner
Cyrano de Bergerac;France;4.13E7; Jean-Paul  Rappeneau
Cyrano de Bergerac;Hungary;4.13E7; Jean-Paul  Rappeneau
Young Frankenstein;United States;8.62E7; Mel  Brooks
This Is Spinal Tap;United States;4700000.0; Rob  Reiner
Indiana Jones and the Last Crusade;United States;4.742E8; Steven  Spielberg
The Unbearable Lightness of Being;United States;1.0E7; Philip  Kaufman
When Harry Met Sally…;United States;9.28E7; Rob  Reiner
Cape Fear;United States;1.823E8; Martin  Scorsese
A Nightmare on Elm Street;United States;5.7E7; Wes  Craven
The Mirror Has Two Faces;United States;8.2E7; Barbra  Streisand
Breaking the Waves;Denmark;4000000.0; Lars  von  Trier
Breaking the Waves;United Kingdom;4000000.0; Lars  von  Trier
Star Trek: First Contact;United States;1.46E8; Jonathan  Frakes
Sling Blade;United States;3.41E7; Billy  Bob  Thornton
101;United States;3.207E8; Stephen  Herek
Die Hard 2;United States;2.402E8; Renny  Harlin
Star Trek VI: The Undiscovered Country;United States;9.68E7; Nicholas  Meyer
Star Trek II: The Wrath of Khan;United States;9.7E7; Nicholas  Meyer
Star Trek III: The Search for Spock;United States;8.7E7; Leonard  Nimoy
Star Trek IV: The Voyage Home;United States;1.33E8; Leonard  Nimoy
Batman Returns;United States;2.6689E8; Tim  Burton
Jaws;United States;4.72E8; Steven  Spielberg
Mars Attacks!;United States;1.014E8; Tim  Burton
Citizen Ruth;United States;285112.0; Alexander  Payne
Raising Arizona;United States;2.92E7; Coen  brothers
The Last of the Mohicans;United States;1.43E8; Michael  Mann
Jungle 2 Jungle;France;5.99E7; John  Pasquin
Jungle 2 Jungle;United States;5.99E7; John  Pasquin
Smilla's Sense of Snow;Denmark;2.31E7; Bille  August
Smilla's Sense of Snow;Germany;2.31E7; Bille  August
Smilla's Sense of Snow;Sweden;2.31E7; Bille  August
The Devil's Own;United States;1.40807547E8; Alan  J.  Pakula
Chasing Amy;United States;1.2E7; Kevin  Smith
Turbo: A Power Rangers Movie;United States;9600000.0;Shuki Levy
Turbo: A Power Rangers Movie;United States;9600000.0;David Winning
Grosse Pointe Blank;United States;3.1070412E7; George  Armitage
Austin Powers: International Man of Mystery;United States;6.77E7; Jay  Roach
The Fifth Element;France;2.639E8; Luc  Besson
Shall We Dance?;Japan;2.72E9; Masayuki  Suo
The Lost World: Jurassic Park;United States;6.186E8; Steven  Spielberg
The Pillow Book;France;2400000.0; Peter  Greenaway
The Pillow Book;Luxembourg;2400000.0; Peter  Greenaway
The Pillow Book;Netherlands;2400000.0; Peter  Greenaway
The Pillow Book;United Kingdom;2400000.0; Peter  Greenaway
Batman & Robin;United States;2.382E8; Joel  Schumacher
My Best Friend's Wedding;United States;2.993E8; P.  J.  Hogan
When the Cat's Away;France;5300000.0; Cédric  Klapisch
George of the Jungle;United States;1.744E8; Sam  Weisman
Event Horizon;United Kingdom;4.2E7; Paul  W.  S.  Anderson
Event Horizon;United States;4.2E7; Paul  W.  S.  Anderson
Air Bud;Canada;2.78E7; Charles  Martin  Smith
Air Bud;United States;2.78E7; Charles  Martin  Smith
In the Company of Men;Canada;2800000.0; Neil  LaBute
In the Company of Men;United States;2800000.0; Neil  LaBute
Mimic;United States;2.55E7; Guillermo  del  Toro
The Hunt for Red October;United States;2.005E8; John  McTiernan
Kull the Conqueror;Italy;6200000.0; John  Nicolella
Kull the Conqueror;United States;6200000.0; John  Nicolella
The Full Monty;United Kingdom;2.58E8; Peter  Cattaneo
Gattaca;United States;1.25E7; Andrew  Niccol
Starship Troopers;United States;1.212E8; Paul  Verhoeven
Good Will Hunting;United States;2.259E8; Gus  Van  Sant
Heat;United States;1.874E8; Michael  Mann
Sabrina;United States;8.71E7; Sydney  Pollack
Sense and Sensibility;United Kingdom;1.35E8; Ang  Lee
Sense and Sensibility;United States;1.35E8; Ang  Lee
Leaving Las Vegas;United States;4.98E7; Mike  Figgis
Restoration;United States;4000000.0; Michael  Hoffman  (director)
Bed of Roses;United States;2.7315527E7; Michael  Goldenberg
Once Upon a Time... When We Were Colored;United States;3375000.0; Tim  Reid
The River Wild;United States;9.42E7; Curtis  Hanson
Tin Cup;United States;7.58E7; Ron  Shelton
Secrets & Lies;France;1.34E7; Mike  Leigh
Secrets & Lies;United Kingdom;1.34E7; Mike  Leigh
The English Patient;United Kingdom;2.32E8; Anthony  Minghella
The English Patient;United States;2.32E8; Anthony  Minghella
Marvin's Room;United States;1.28E7; Jerry  Zaks
Absolute Power;United States;5.01E7; Clint  Eastwood
Rosewood;United States;1.3E7; John  Singleton
Donnie Brasco;United States;1.249E8; Mike  Newell  (director)
Liar Liar;United States;3.027E8; Tom  Shadyac
Ulee's Gold;United States;9054736.0; Victor  Nuñez
Face/Off;United States;2.457E8; John  Woo
Hoodlum;United States;2.3461013E7; Bill  Duke
Air Force One;United States;3.152E8; Wolfgang  Petersen
L.A. Confidential;United States;1.262E8; Curtis  Hanson
Fly Away Home;Canada;3.65E7; Carroll  Ballard
Fly Away Home;New Zealand;3.65E7; Carroll  Ballard
Fly Away Home;United States;3.65E7; Carroll  Ballard
The Ice Storm;United States;8000000.0; Ang  Lee
FairyTale: A True Story;France;1.8E7; Charles  Sturridge
FairyTale: A True Story;United States;1.8E7; Charles  Sturridge
The Rainmaker;United States;4.59E7; Francis  Ford  Coppola
The Wings of the Dove;United Kingdom;1.7E7; Iain  Softley
The Wings of the Dove;United States;1.7E7; Iain  Softley
Midnight in the Garden of Good and Evil;United States;2.51E7; Clint  Eastwood
Titanic;United States;2.202E9; James  Cameron
3;United States;375805.0; Sean  McNamara  (filmmaker)
Apt Pupil;United States;8900000.0; Bryan  Singer
As Good as It Gets;United States;3.141E8; James  L.  Brooks
Schindler's List;United States;3.222E8; Steven  Spielberg
Everyone Says I Love You;United States;9800000.0; Woody  Allen
Mother;United States;1.9145198E7; Albert  Brooks
Murder at 1600;United States;4.11E7; Dwight  H.  Little
Dante's Peak;United States;1.781E8; Roger  Donaldson
Lost Highway;France;3800000.0; David  Lynch
Lost Highway;United States;3800000.0; David  Lynch
Crash;Canada;2.32E7; David  Cronenberg
Crash;United Kingdom;2.32E7; David  Cronenberg
G.I. Jane;United States;4.82E7; Ridley  Scott
Cop Land;United States;6.37E7; James  Mangold
Desperate Measures;United States;1.38E7; Barbet  Schroeder
187;United States;5700000.0; Kevin  Reynolds  (director)
The Edge;United States;4.33E7; Lee  Tamahori
U Turn;United States;6600000.0; Oliver  Stone
The House of Yes;United States;626057.0; Mark  Waters
Bean;United Kingdom;2.512E8; Mel  Smith
Bean;United States;2.512E8; Mel  Smith
Bean: The Album;United Kingdom;2.512E8; Mel  Smith
Bean: The Album;United States;2.512E8; Mel  Smith
Mad City;United States;1.05E7; Costa-Gavras
Boogie Nights;United States;4.31E7; Paul  Thomas  Anderson
Critical Care;Australia;271000.0; Sidney  Lumet
Critical Care;United States;271000.0; Sidney  Lumet
The Man Who Knew Too Little;Germany;1.37E7; Jon  Amiel
The Man Who Knew Too Little;United States;1.37E7; Jon  Amiel
Alien Resurrection;United States;1.614E8; Jean-Pierre  Jeunet
The Apostle;United States;2.127777E7; Robert  Duvall
Deconstructing Harry;United States;1.06E7; Woody  Allen
Wag the Dog;United States;6.43E7; Barry  Levinson
Hard Rain;Denmark;1.99E7; Mikael  Salomon
Hard Rain;Germany;1.99E7; Mikael  Salomon
Hard Rain;Japan;1.99E7; Mikael  Salomon
Hard Rain;United Kingdom;1.99E7; Mikael  Salomon
Hard Rain;United States;1.99E7; Mikael  Salomon
Spice World;United Kingdom;1.0E8; Bob  Spiers
Deep Rising;United States;1.12E7; Stephen  Sommers
The Wedding Singer;United States;1.233E8; Frank  Coraci
The Client;United States;1.176E8; Joel  Schumacher
One Flew Over the Cuckoo's Nest;United States;1.633E8; Miloš  Forman
The Assignment;Canada;332597.0; Christian  Duguay  (director)
The Assignment;United States;332597.0; Christian  Duguay  (director)
Blues Brothers 2000;United States;1.4051384E7; John  Landis
Ace Ventura: When Nature Calls;United States;2.124E8; Steve  Oedekerk
Powder;United States;3.09E7; Victor  Salva
Dangerous Minds;United States;1.795E8; John  N.  Smith
Bio-Dome;United States;1.34E7; Jason  Bloom  (director)
Black Sheep;United States;3.24E7; Penelope  Spheeris
Mary Reilly;United States;1.29E7; Stephen  Frears
The Bridges of Madison County;United States;1.82E8; Clint  Eastwood
Judge Dredd;United States;1.135E8; Danny  Cannon
Mighty Morphin Power Rangers: The Movie;United States;6.64E7; Bryan  Spicer
Showgirls;France;3.78E7; Paul  Verhoeven
Showgirls;United States;3.78E7; Paul  Verhoeven
Houseguest;United States;2.6325256E7;Randall Miller
Heavyweights;United States;1.76E7; Steven  Brill  (filmmaker)
Miracle on 34th Street;United States;2700000.0; George  Seaton
Muriel's Wedding;Australia;5.75E7; P.  J.  Hogan
The Adventures of Priscilla, Queen of the Desert;Australia;2.97E7; Stephan  Elliott
The Flintstones;United States;3.416E8; Brian  Levant
True Lies;United States;3.789E8; James  Cameron
Addams Family Values;United States;4.89E7; Barry  Sonnenfeld
Beverly Hills Cop III;United States;1.192E8; John  Landis
Black Beauty;United Kingdom;4600000.0; Caroline  Thompson
Black Beauty;United States;4600000.0; Caroline  Thompson
Fear of a Black Hat;United States;233824.0; Rusty  Cundieff
Last Action Hero;United States;1.373E8; John  McTiernan
The Man Without a Face;United States;3.7E7; Mel  Gibson
Mrs. Doubtfire;United States;4.413E8; Chris  Columbus  (filmmaker)
Radioland Murders;United States;1300000.0; Mel  Smith
Robin Hood: Men in Tights;United States;3.57E7; Mel  Brooks
Serial Mom;United States;7800000.0; John  Waters
Striking Distance;United States;2.4E7; Rowdy  Herrington
Super Mario Bros.;United Kingdom;3.89E7;Annabel Jankel
Super Mario Bros.;United States;3.89E7;Annabel Jankel
Super Mario Bros.;United Kingdom;3.89E7;Rocky Morton
Super Mario Bros.;United States;3.89E7;Rocky Morton
The Three Musketeers;Austria;5.39E7; Stephen  Herek
The Three Musketeers;United States;5.39E7; Stephen  Herek
The Little Rascals;United States;6.73E7; Penelope  Spheeris
The Brady Bunch Movie;United States;4.66E7; Betty  Thomas
Ghost;United States;5.057E8; Jerry  Zucker
Batman;United States;4.116E8; Tim  Burton
Pinocchio;United States;1.64E8;Wilfred Jackson
Pinocchio;United States;1.64E8;Ben Sharpsteen
Pinocchio;United States;1.64E8;Bill Roberts
Pinocchio;United States;1.64E8;Hamilton Luske
Pinocchio;United States;1.64E8;Jack Kinney
Pinocchio;United States;1.64E8;Norman Ferguson
Pinocchio;United States;1.64E8;Sequence Directors
Pinocchio;United States;1.64E8;Supervising Directors
Pinocchio;United States;1.64E8;T. Hee
Mission: Impossible;United States;4.577E8; Brian  De  Palma
Thinner;United States;1.53E7; Tom  Holland  (filmmaker)
Spy Hard;United States;2.7E7; Rick  Friedberg
Jack;United States;5.86E7; Francis  Ford  Coppola
A Very Brady Sequel;United States;2.14E7; Arlene  Sanford
Bordello of Blood;United States;5600000.0; Gilbert  Adler
My Favorite Year;United States;2.012362E7; Richard  Benjamin
The Apple Dumpling Gang;United States;3.6853E7; Norman  Tokar
The Parent Trap;United States;2.51E7; David  Swift  (director)
Cinderella;United States;1.82E8;Wilfred Jackson
Cinderella;United States;1.82E8;Clyde Geronimi
Cinderella;United States;1.82E8;Hamilton Luske
Mary Poppins;United States;1.031E8; Robert  Stevenson  (director)
Alice in Wonderland;United States;3500000.0;Wilfred Jackson
Alice in Wonderland;United States;3500000.0;Clyde Geronimi
Alice in Wonderland;United States;3500000.0;Hamilton Luske
Alice in Wonderland;United States;2400000.0;Wilfred Jackson
Alice in Wonderland;United States;2400000.0;Clyde Geronimi
Alice in Wonderland;United States;2400000.0;Hamilton Luske
Romeo + Juliet;United States;5.18E7; Baz  Luhrmann
E.T. the Extra-Terrestrial;United States;7.929E8; Steven  Spielberg
Bob Roberts;United States;4500000.0; Tim  Robbins
To Kill a Mockingbird;United States;1.31E7; Robert  Mulligan
The Day the Earth Stood Still;United States;1850000.0; Robert  Wise
Highlander;United Kingdom;1.29E7; Russell  Mulcahy
Heathers;United States;1100000.0; Michael  Lehmann
Forbidden Planet;United States;2765000.0; Fred  M.  Wilcox  (director)
Butch Cassidy and the Sundance Kid;United States;1.023E8; George  Roy  Hill
An American Werewolf in London;United Kingdom;6.2E7; John  Landis
An American Werewolf in London;United States;6.2E7; John  Landis
Amityville 3-D;United States;6300000.0; Richard  Fleischer
Amityville II: The Possession;Mexico;1.25E7; Damiano  Damiani
Amityville II: The Possession;United States;1.25E7; Damiano  Damiani
The Amityville Horror;United States;8.64E7; Stuart  Rosenberg
The Birds;United States;1.14E7; Alfred  Hitchcock
The Blob;United States;4000000.0; Irvin  Yeaworth
Burnt Offerings;United States;1560000.0; Dan  Curtis
Carrie;United States;3.38E7; Brian  De  Palma
Star Trek: The Motion Picture;United States;1.39E8; Robert  Wise
Star Trek V: The Final Frontier;United States;6.3E7; William  Shatner
Grease;United States;3.662E8; Randal  Kleiser
Jaws 2;United States;2.08E8; Jeannot  Szwarc
Jaws 3-D;United States;8.8E7; Joe  Alves
Beverly Hills Ninja;United States;3.15E7; Dennis  Dugan
Free Willy 3: The Rescue;United States;3400000.0; Sam  Pillsbury
Nixon;United States;1.37E7; Oliver  Stone
Cry, the Beloved Country;South Africa;676525.0; Darrell  Roodt
Cry, the Beloved Country;United States;676525.0; Darrell  Roodt
The Crossing Guard;United States;868979.0; Sean  Penn
Smoke;Germany;3.8E7; Wayne  Wang
Smoke;Japan;3.8E7; Wayne  Wang
Smoke;United States;3.8E7; Wayne  Wang
Like Water for Chocolate;Mexico;2.16E7; Alfonso  Arau
The Secret of Roan Inish;Ireland;6159269.0; John  Sayles
The Secret of Roan Inish;United States;6159269.0; John  Sayles
The Jungle Book 2;Australia;1.357E8;Steve Trenbirth
The Jungle Book 2;United States;1.357E8;Steve Trenbirth
Red Rock West;United States;2502551.0; John  Dahl
A Bronx Tale;United States;1.73E7; Robert  De  Niro
Short Cuts;United States;6100000.0; Robert  Altman
Tombstone;United States;5.65E7; George  P.  Cosmatos
Dragonheart;Slovakia;1.153E8; Rob  Cohen
Dragonheart;United Kingdom;1.153E8; Rob  Cohen
Dragonheart;United States;1.153E8; Rob  Cohen
James and the Giant Peach;United Kingdom;3.77E7; Henry  Selick
James and the Giant Peach;United States;3.77E7; Henry  Selick
Dr. Strangelove or: How I Learned to Stop Worrying and Love the Bomb;United Kingdom;9400000.0; Stanley  Kubrick
Dr. Strangelove or: How I Learned to Stop Worrying and Love the Bomb;United States;9400000.0; Stanley  Kubrick
Trainspotting;United Kingdom;7.2E7; Danny  Boyle
Trainspotting;United Kingdom;4.8E7; Danny  Boyle
The First Wives Club;United States;1.81E8; Hugh  Wilson  (director)
Matilda;United States;3.35E7; Danny  DeVito
The Philadelphia Story;United States;3300000.0; George  Cukor
Vertigo;United States;7300000.0; Alfred  Hitchcock
North by Northwest;United States;9800000.0; Alfred  Hitchcock
The Apartment;United States;2.46E7; Billy  Wilder
Some Like It Hot;United States;4.9E7; Billy  Wilder
Casablanca;United States;3.7; Michael  Curtiz
The Maltese Falcon;United States;1800000.0; John  Huston
My Fair Lady;United States;7.27E7; George  Cukor
Sunset Boulevard;United States;5000000.0; Billy  Wilder
Notorious;United States;2.45E7; Alfred  Hitchcock
To Catch a Thief;United States;4500000.0; Alfred  Hitchcock
To Catch a Thief;United States;8750000.0; Alfred  Hitchcock
East of Eden;United States;5000000.0; Elia  Kazan
Around the World in 80 Days;United States;4.2E7; Michael  Anderson  (director)
It's a Wonderful Life;United States;3300000.0; Frank  Capra
Bringing Up Baby;United States;1100000.0; Howard  Hawks
The African Queen;United Kingdom;1.075E7; John  Huston
The African Queen;United States;1.075E7; John  Huston
Dumbo;United States;1300000.0;Wilfred Jackson
Dumbo;United States;1300000.0;Ben Sharpsteen
Dumbo;United States;1300000.0;Bill Roberts
Dumbo;United States;1300000.0;Jack Kinney
Dumbo;United States;1300000.0;Norman Ferguson
Dumbo;United States;1300000.0;Samuel Armstrong
Dumbo;United States;1300000.0;Sequence Directors
Dumbo;United States;1300000.0;Supervising Director
Bananas;United States;1.18E7; Woody  Allen
The Candidate;United States;2500000.0; Michael  Ritchie  (film  director)
Bonnie and Clyde;United States;7.0E7; Arthur  Penn
Dial M for Murder;United States;6000000.0; Alfred  Hitchcock
Rebel Without a Cause;United States;4500000.0; Nicholas  Ray
The People vs. Larry Flynt;United States;4.3E7; Miloš  Forman
The Magnificent Seven;United States;9750000.0; John  Sturges
Lawrence of Arabia;United Kingdom;7.0E7; David  Lean
Wings of Desire;France;3200000.0; Wim  Wenders
Wings of Desire;West Germany;3200000.0; Wim  Wenders
The Third Man;United Kingdom;277549.0; Carol  Reed
Annie Hall;United States;3.83E7; Woody  Allen
Das Boot;West Germany;8.49E7; Wolfgang  Petersen
Miller's Crossing;United States;5000000.0; Coen  brothers
The Treasure of the Sierra Madre;United States;4100000.0; John  Huston
The Great Escape;United States;1.17E7; John  Sturges
The Deer Hunter;United States;4.9E7; Michael  Cimino
Down by Law;United States;1435668.0; Jim  Jarmusch
Cool Hand Luke;United States;1.62E7; Stuart  Rosenberg
The Great Dictator;United States;3500000.0; Charlie  Chaplin
The Big Sleep;United States;4900000.0; Howard  Hawks
Ben-Hur;United States;1.469E8; William  Wyler
Gandhi;India;1.278E8; Richard  Attenborough
Gandhi;United Kingdom;1.278E8; Richard  Attenborough
My Life as a Dog;Sweden;8345266.0; Lasse  Hallström
The Man Who Would Be King;United Kingdom;1.1E7; John  Huston
The Man Who Would Be King;United States;1.1E7; John  Huston
Shine;Australia;3.6E7; Scott  Hicks
Kama Sutra: A Tale of Love;Germany;8600000.0; Mira  Nair
Kama Sutra: A Tale of Love;India;8600000.0; Mira  Nair
Kama Sutra: A Tale of Love;Japan;8600000.0; Mira  Nair
Kama Sutra: A Tale of Love;United Kingdom;8600000.0; Mira  Nair
The Daytrippers;Canada;2084559.0; Greg  Mottola
The Daytrippers;United States;2084559.0; Greg  Mottola
Addicted to Love;United States;3.47E7; Griffin  Dunne
Ponette;France;3900000.0; Jacques  Doillon
My Own Private Idaho;United States;6400000.0; Gus  Van  Sant
Anastasia;United States;1.4E8; Don  Bluth
Anastasia;United States;1.4E8; Gary  Goldman
Money Train;United States;7.72E7; Joseph  Ruben
Pocahontas;United States;3.461E8;Eric Goldberg
Pocahontas;United States;3.461E8;Mike Gabriel
Things to Do in Denver When You're Dead;United States;529677.0; Gary  Fleder
The Young Poisoner's Handbook;United Kingdom;330466.0; Benjamin  Ross
The NeverEnding Story III;Germany;5000000.0; Peter  MacDonald  (director)
The NeverEnding Story III;United States;5000000.0; Peter  MacDonald  (director)
Die Hard with a Vengeance;United States;3.661E8; John  McTiernan
Lord of Illusions;United States;1.33E7; Clive  Barker
Species;United States;1.133E8; Roger  Donaldson
A Walk in the Clouds;United States;5.0E7; Alfonso  Arau
Waterworld;United States;2.642E8; Kevin  Reynolds  (director)
White Man's Burden;United States;3761000.0; Desmond  Nakano
Wild Bill;United States;2193982.0; Walter  Hill
Farinelli;Belgium;1.15E7; Gérard  Corbiau
Farinelli;France;1.15E7; Gérard  Corbiau
Farinelli;Italy;1.15E7; Gérard  Corbiau
Heavenly Creatures;New Zealand;5400000.0; Peter  Jackson
A Kid in King Arthur's Court;United Kingdom;1.34E7; Michael  Gottlieb  (director)
A Kid in King Arthur's Court;United States;1.34E7; Michael  Gottlieb  (director)
The Quick and the Dead;United States;2.8E7; Sam  Raimi
The Quick and the Dead;United States;1.86E7; Sam  Raimi
The Quick and the Dead;United States;4.66E7; Sam  Raimi
Tales from the Hood;United States;1.18E7; Rusty  Cundieff
Clear and Present Danger;United States;2.159E8; Phillip  Noyce
Wes Craven's New Nightmare;United States;1.98E7; Wes  Craven
Speed;United States;3.504E8; Jan  de  Bont
Wyatt Earp;United States;2.51E7; Lawrence  Kasdan
Another Stakeout;United States;3.0E7; John  Badham
Blown Away;United States;5.3E7; Stephen  Hopkins  (director)
Body Snatchers;United States;428868.0; Abel  Ferrara
Boxing Helena;United States;1800000.0; Jennifer  Lynch
City Slickers II:;United States;4.3E7; Paul  Weiland
The Legend of Curly's Gold;United States;4.3E7; Paul  Weiland
Cliffhanger;United States;2.55E8; Renny  Harlin
Coneheads;United States;2.13E7; Steve  Barron
Demolition Man;United States;1.591E8; Marco  Brambilla
Fatal Instinct;United States;7839327.0; Carl  Reiner
Kalifornia;United States;2400000.0; Dominic  Sena
Kalifornia - Original Soundtrack;United States;2400000.0; Dominic  Sena
The Piano;Australia;1.4E8; Jane  Campion
The Piano;France;1.4E8; Jane  Campion
The Piano;New Zealand;1.4E8; Jane  Campion
Romeo Is Bleeding;United Kingdom;3300000.0; Peter  Medak
Romeo Is Bleeding;United States;3300000.0; Peter  Medak
The Secret Garden;Poland;4.0E7;Agnieszka Holland
The Secret Garden;United Kingdom;4.0E7;Agnieszka Holland
The Secret Garden;United States;4.0E7;Agnieszka Holland
Terminal Velocity;United States;4.7E7; Deran  Sarafian
Beauty and the Beast;United States;4.401E8;Gary Trousdale
Beauty and the Beast;United States;4.401E8;Kirk Wise
The Wild Bunch;United States;1.1E7; Sam  Peckinpah
Hellraiser: Bloodline;United States;9300000.0;Kevin Yagher
Hellraiser: Bloodline;United States;9300000.0;Joe Chappelle
Primal Fear;United States;1.026E8; Gregory  Hoblit
Heavy;United States;941414.0; James  Mangold
The Fan;United States;1.86E7; Tony  Scott
The Hunchback of Notre Dame;United States;3.253E8;Gary Trousdale
The Hunchback of Notre Dame;United States;3.253E8;Kirk Wise
For Whom the Bell Tolls;United States;1.78E7; Sam  Wood
An American in Paris;United States;7000000.0; Vincente  Minnelli
Rear Window;United States;3.7E7; Alfred  Hitchcock
It Happened One Night;United States;2500000.0; Frank  Capra
Meet Me in St. Louis;United States;1.28E7; Vincente  Minnelli
Meet Me in St. Louis;United States;6566000.0; Vincente  Minnelli
All About Eve;United States;8400000.0; Joseph  L.  Mankiewicz
Rebecca;United States;6000000.0; Alfred  Hitchcock
Spellbound;United States;6400000.0; Alfred  Hitchcock
Father of the Bride;United States;6084000.0; Vincente  Minnelli
Gigi;United States;1.32E7; Vincente  Minnelli
Laura;United States;2000000.0; Otto  Preminger
Lost Horizon;United States;3.0; Frank  Capra
My Man Godfrey;United States;684200.0; Gregory  La  Cava
Giant;United States;3.9E7; George  Stevens
Night of the Living Dead;United States;3.0E7; George  A.  Romero
The Blue Angel;Germany;77982.0; Josef  von  Sternberg
Picnic;United States;9000000.0; Joshua  Logan
Extreme Measures;United States;1.74E7; Michael  Apted
Angels in the Outfield;United States;5.02E7; William  Dear
The Three Caballeros;United States;3355000.0;Bill Roberts
The Three Caballeros;United States;3355000.0;Clyde Geronimi
The Three Caballeros;United States;3355000.0;Harold Young
The Three Caballeros;United States;3355000.0;Jack Kinney
The Three Caballeros;United States;3355000.0;Norman Ferguson
The Three Caballeros;United States;3355000.0;Sequence Directors
The Three Caballeros;United States;3355000.0;Supervising Director
So Dear to My Heart;United States;3700000.0; Hamilton  Luske
So Dear to My Heart;United States;3700000.0; Harold  Schuster
Robin Hood: Prince of Thieves;United States;3.905E8; Kevin  Reynolds  (director)
The Great Race;United States;2.5333333E7; Blake  Edwards
Sophie's Choice;United States;3.0E7; Alan  J.  Pakula
Microcosmos;France;5.28E7;Claude Nuridsany
Microcosmos;Italy;5.28E7;Claude Nuridsany
Microcosmos;Switzerland;5.28E7;Claude Nuridsany
Microcosmos;United Kingdom;5.28E7;Claude Nuridsany
Microcosmos;France;5.28E7;Marie Pérennou
Microcosmos;Italy;5.28E7;Marie Pérennou
Microcosmos;Switzerland;5.28E7;Marie Pérennou
Microcosmos;United Kingdom;5.28E7;Marie Pérennou
The Fog;United States;2.13E7; John  Carpenter
Escape from New York;United States;2.52E7; John  Carpenter
The Tin Drum;France;4000000.0; Volker  Schlöndorff
The Tin Drum;Poland;4000000.0; Volker  Schlöndorff
The Tin Drum;West Germany;4000000.0; Volker  Schlöndorff
The Tin Drum;Yugoslavia;4000000.0; Volker  Schlöndorff
The Tin Drum;France;1.3E7; Volker  Schlöndorff
The Tin Drum;Poland;1.3E7; Volker  Schlöndorff
The Tin Drum;West Germany;1.3E7; Volker  Schlöndorff
The Tin Drum;Yugoslavia;1.3E7; Volker  Schlöndorff
The Cook, the Thief, His Wife & Her Lover;France;7700000.0; Peter  Greenaway
The Cook, the Thief, His Wife & Her Lover;United Kingdom;7700000.0; Peter  Greenaway
The Grifters;United States;1.34E7; Stephen  Frears
The Innocent;Germany / United Kingdom;553000.0; John  Schlesinger
Paris Is Burning;United States;3779620.0; Jennie  Livingston
Once Upon a Time in the West;Italy;5321508.0; Sergio  Leone
Once Upon a Time in the West;United States;5321508.0; Sergio  Leone
Ran;France;1.9E7; Akira  Kurosawa
Ran;Japan;1.9E7; Akira  Kurosawa
Once Upon a Time in America;Italy;5500000.0; Sergio  Leone
Once Upon a Time in America;United States;5500000.0; Sergio  Leone
Rosencrantz & Guildenstern Are Dead;United Kingdom;65957.0; Tom  Stoppard
Rosencrantz & Guildenstern Are Dead;United States;65957.0; Tom  Stoppard
Rosencrantz & Guildenstern Are Dead;United Kingdom;739104.0; Tom  Stoppard
Rosencrantz & Guildenstern Are Dead;United States;739104.0; Tom  Stoppard
Touch of Evil;United States;2200000.0; Orson  Welles
Chinatown;United States;2.92E7; Roman  Polanski
Stand by Me;United States;5.23E7; Rob  Reiner
The Manchurian Candidate;United States;7700000.0; John  Frankenheimer
Pump Up the Volume;United States, Canada;1.15E7; Allan  Moyle
Arsenic and Old Lace;United States;4784000.0; Frank  Capra
High Noon;United States;1.2E7; Fred  Zinnemann
Somewhere in Time;United States;9700000.0; Jeannot  Szwarc
Being There;United States;3.02E7; Hal  Ashby
Paris, Texas;France;2200000.0; Wim  Wenders
Paris, Texas;West Germany;2200000.0; Wim  Wenders
Alien 3;United States;1.598E8; David  Fincher
Audrey Rose;United States;2000000.0; Robert  Wise
Body Parts;United States;9200000.0; Eric  Red
Bride of Frankenstein;United States;2000000.0; James  Whale
Cat People;United States;2.1E7; Paul  Schrader
The Crucible;United States;7343114.0; Nicholas  Hytner
King of the Mountain;United States;2100000.0;Noel Nosseck
Volcano;United States;1.228E8; Mick  Jackson  (director)
Conan the Barbarian;United States;68.9; John  Milius
Wishmaster;United States;1.57E7; Robert  Kurtzman
I Know What You Did Last Summer;United States;1.253E8; Jim  Gillespie  (director)
RocketMan;United States;1.54E7; Stuart  Gillard
In the Line of Fire;United States;1.87E8; Wolfgang  Petersen
Executive Decision;United States;1.221E8; Stuart  Baird
A Perfect World;United States;1.351E8; Clint  Eastwood
Leave It to Beaver;United States;1.092506E7;Andy Cadiff
The Jackal;United States;1.593E8; Michael  Caton-Jones
Seven Years in Tibet;United States;1.315E8; Jean-Jacques  Annaud
Dark City;Australia;2.72E7; Alex  Proyas
Dark City;United States;2.72E7; Alex  Proyas
The American President;United States;1.079E8; Rob  Reiner
Persuasion;United Kingdom;5269757.0; Roger  Michell
Persuasion;United States;5269757.0; Roger  Michell
Kicking and Screaming;United States;718490.0; Noah  Baumbach
The Basketball Diaries;United States;2400000.0; Scott  Kalvert
The Browning Version;United Kingdom;487391.0; Mike  Figgis
Little Women;United States;5.01E7; Gillian  Armstrong
Miami Rhapsody;United States;5221281.0; David  Frankel
Barcelona;United States;7300000.0; Whit  Stillman
Widows' Peak;Ireland;6243722.0; John  Irvin
Widows' Peak;United Kingdom;6243722.0; John  Irvin
The House of the Spirits;Denmark;6265311.0; Bille  August
The House of the Spirits;Germany;6265311.0; Bille  August
The House of the Spirits;Portugal;6265311.0; Bille  August
Singin' in the Rain;United States;7200000.0;Gene Kelly
Singin' in the Rain;United States;7200000.0;Stanley Donen
Bad Moon;Canada;1100000.0; Eric  Red
Bad Moon;United States;1100000.0; Eric  Red
Sex, Lies, and Videotape;United States;3.67E7; Steven  Soderbergh
Strictly Ballroom;Australia;8.0E7; Baz  Luhrmann
Better Off Dead;United States;1.03E7; Savage  Steve  Holland
Tin Men;United States;2.54E7; Barry  Levinson
Othello;United Kingdom;2844379.0; Oliver  Parker
Othello;United States;2844379.0; Oliver  Parker
To Die For;Canada;2.13E7; Gus  Van  Sant
To Die For;United Kingdom;2.13E7; Gus  Van  Sant
To Die For;United States;2.13E7; Gus  Van  Sant
The Juror;United States;2.27E7; Brian  Gibson  (director)
Canadian Bacon;Canada;178104.0; Michael  Moore
Canadian Bacon;United States;178104.0; Michael  Moore
First Knight;United Kingdom;1.276E8; Jerry  Zucker
First Knight;United States;1.276E8; Jerry  Zucker
Mallrats;United States;2100000.0; Kevin  Smith
Nine Months;United States;1.385E8; Chris  Columbus  (filmmaker)
Boys on the Side;United States;2.34E7; Herbert  Ross
Circle of Friends;Ireland;4.5E7; Pat  O'Connor  (director)
Circle of Friends;United Kingdom;4.5E7; Pat  O'Connor  (director)
Circle of Friends;United States;4.5E7; Pat  O'Connor  (director)
Exit To Eden;United States;6800000.0; Garry  Marshall
Fluke;United States;3987768.0; Carlo  Carlei
Nell;United States;1.067E8; Michael  Apted
La Reine Margot;France;1.63E7; Patrice  Chéreau
La Reine Margot;Germany;1.63E7; Patrice  Chéreau
La Reine Margot;Italy;1.63E7; Patrice  Chéreau
Corrina, Corrina;United States;2.01E7; Jessie  Nelson
Go Fish;United States;2408311.0; Rose  Troche
Philadelphia;United States;2.067E8; Jonathan  Demme
Pretty Woman;United States;4.634E8; Garry  Marshall
Jane Eyre;France;5200601.0; Franco  Zeffirelli
Jane Eyre;Italy;5200601.0; Franco  Zeffirelli
Jane Eyre;United Kingdom;5200601.0; Franco  Zeffirelli
Jane Eyre;United States;5200601.0; Franco  Zeffirelli
The Last Supper;United States;459749.0; Stacy  Title
Ransom;United States;3.095E8; Ron  Howard
The Crow: City of Angels;United States;2.53E7; Tim  Pope
Michael Collins;Ireland;2.75E7; Neil  Jordan
Michael Collins;United Kingdom;2.75E7; Neil  Jordan
Michael Collins;United States;2.75E7; Neil  Jordan
Real Genius;United States;1.3E7; Martha  Coolidge
Benny & Joon;United States;3.0E7; Jeremiah  S.  Chechik
Amistad;United States;4.42E7; Steven  Spielberg
Tomorrow Never Dies;United Kingdom;3.33E8; Roger  Spottiswoode
Tomorrow Never Dies;United States;3.33E8; Roger  Spottiswoode
The Replacement Killers;United States;1.92E7; Antoine  Fuqua
Burnt by the Sun;France;2300000.0; Nikita  Mikhalkov
Burnt by the Sun;Russia;2300000.0; Nikita  Mikhalkov
Red Corner;United States;2.241544E7; Jon  Avnet
Jumanji;United States;2.628E8; Joe  Johnston
Father of the Bride Part II;United States;7.66E7; Charles  Shyer
Across the Sea of Time;United States;1.6E7; Stephen  Low  (filmmaker)
Fair Game;United States;1.15E7;Andrew Sipes
Screamers;Canada;5711695.0; Christian  Duguay  (director)
Screamers;United States;5711695.0; Christian  Duguay  (director)
Nick of Time;United States;8000000.0; John  Badham
Beautiful Girls;United States;1.06E7; Ted  Demme
Beautiful Girls: Music from the Motion Picture;United States;1.06E7; Ted  Demme
Happy Gilmore;United States;4.12E7; Dennis  Dugan
If Lucy Fell;United States;2420162.0; Eric  Schaeffer
Boomerang;United States;1.31E8; Reginald  Hudlin
Man of the Year;United States;209935.0; Dirk  Shafer
The Addiction;United States;302393.0; Abel  Ferrara
Casper;United States;2.879E8; Brad  Silberling
Congo;United States;1.52E8; Frank  Marshall  (filmmaker)
Devil in a Blue Dress;United States;1.61E7; Carl  Franklin
Johnny Mnemonic;Canada;5.24E7; Robert  Longo
Johnny Mnemonic;United States;5.24E7; Robert  Longo
Kids;United States;2.04E7; Larry  Clark
Kids Original Soundtrack;United States;2.04E7; Larry  Clark
Mute Witness;Germany;1100000.0; Anthony  Waller
Mute Witness;Russia;1100000.0; Anthony  Waller
Mute Witness;United Kingdom;1100000.0; Anthony  Waller
The Prophecy;United States;1.61E7; Gregory  Widen
Something to Talk About;United States;7.73E7; Lasse  Hallström
Three Wishes;United States;7025496.0; Martha  Coolidge
Don Juan DeMarco;United States;6.9E7; Jeremy  Leven
Drop Zone;United States;2.8735315E7; John  Badham
Dumb and Dumber;United States;2.473E8;Peter Farrelly
Milk Money;United States;1.8137661E7; Richard  Benjamin
Only You;United States;2.01E7; Norman  Jewison
The Perez Family;United States;2832826.0; Mira  Nair
Roommates;United States;1.2096881E7; Peter  Yates
Swimming With Sharks;United States;382928.0; George  Huang  (director)
The Baby-Sitters Club;United States;9600000.0; Melanie  Mayron
Bullets Over Broadway;United States;1.34E7; Woody  Allen
Crooklyn;United States;1.3642861E7; Spike  Lee
Richie Rich;United States;4.0E7; Donald  Petrie
Timecop;United States;1.016E8; Peter  Hyams
Bad Company;United States;3674841.0; Damian  Harris
In the Mouth of Madness;United States;8900000.0; John  Carpenter
Hard Target;United States;7.42E7; John  Woo
Heaven & Earth;France;5900000.0; Oliver  Stone
Heaven & Earth;United States;5900000.0; Oliver  Stone
Jimmy Hollywood;United States;3800000.0; Barry  Levinson
Manhattan Murder Mystery;United States;1.12E7; Woody  Allen
Menace II Society;United States;3.0E7; Hughes  brothers
Poetic Justice;United States;2.7E7; John  Singleton
Rising Sun;United States;1.072E8; Philip  Kaufman
The Shadow;United States;4.8E7; Russell  Mulcahy
Thirty Two Short Films About Glenn Gould;Canada;1300000.0; François  Girard
Andre;United States;1.6820893E7; George  T.  Miller
The Celluloid Closet;United States;1400591.0; Rob  Epstein
The Celluloid Closet;United States;1400591.0; Jeffrey  Friedman  (filmmaker)
One Fine Day;United States;9.75E7; Michael  Hoffman  (director)
Music From The Motion Picture;United States;9.75E7; Michael  Hoffman  (director)
One Fine Day:;United States;9.75E7; Michael  Hoffman  (director)
Girl 6;United States;4900000.0; Spike  Lee
Eddie;United States;3.14E7; Steve  Rash
Space Jam;United States;2.502E8; Joe  Pytka
Mrs. Winterbourne;United States;1.0082005E7; Richard  Benjamin
The Phantom;Australia;2.35E7; Simon  Wincer
The Phantom;United States;2.35E7; Simon  Wincer
Fled;United States;1.7193231E7; Kevin  Hooks
Escape from L.A.;United States;2.55E7; John  Carpenter
Bogus;United States;4400000.0; Norman  Jewison
Bulletproof;United States;2.26E7; Ernest  Dickerson
Halloween:;United States;1.51E7; Joe  Chappelle
The Curse of Michael Myers;United States;1.51E7; Joe  Chappelle
The Gay Divorcee;United States;1800000.0; Mark  Sandrich
Ninotchka;United States;2300000.0; Ernst  Lubitsch
Meet John Doe;United States;1800000.0; Frank  Capra
The Glimmer Man;United States;2.0351264E7; John  Gray  (director)
Pollyanna;United States;3750000.0; David  Swift  (director)
The Shaggy Dog;United States;1.23E7; Charles  Barton  (director)
Freeway;United States;295493.0; Matthew  Bright
That Thing You Do!;United States;3.46E7; Tom  Hanks
To Gillian on Her 37th Birthday;United States;4100000.0; Michael  Pressman
Looking for Richard;United States;1408575.0; Al  Pacino
Days of Thunder;United States;1.579E8; Tony  Scott
Braindead;New Zealand;242623.0; Peter  Jackson
Night on Earth;United States;2000000.0; Jim  Jarmusch
April Fool's Day;United States;1.3E7; Fred  Walton  (director)
The Believers;Canada;1.87E7; John  Schlesinger
The Believers;United States;1.87E7; John  Schlesinger
Jingle All the Way;United States;1.298E8; Brian  Levant
My Fellow Americans;United States;2.23E7; Peter  Segal
Michael;United States;9.53E7; Nora  Ephron
The Whole Wide World;United States;375757.0; Dan  Ireland
Fools Rush In;United States;4.2E7; Andy  Tennant
Touch;United States;387069.0; Paul  Schrader
Vegas Vacation;United States;3.64E7;Stephen Kessler
Love Jones;United States;1.2782749E7;Theodore Witcher
Picture Perfect;United States;4.43E7; Glenn  Gordon  Caron
Career Girls;United Kingdom;2416734.0; Mike  Leigh
That Darn Cat;United States;1.83E7; Bob  Spiers
The Peacemaker;United States;1.104E8; Mimi  Leder
Soul Food;United States;4.37E7; George  Tillman  Jr.
Washington Square;United States;1900000.0; Agnieszka  Holland
Telling Lies in America;United States;318809.0; Guy  Ferland
Phantoms;United States;5600000.0; Joe  Chappelle
A Life Less Ordinary;United Kingdom;1.46E7; Danny  Boyle
Eve's Bayou;United States;1.4842388E7; Kasi  Lemmons
One Night Stand;United States;2600000.0; Mike  Figgis
Mortal Kombat: Annihilation;United States;5.13E7; John  R.  Leonetti
Flubber;United States;1.78E8; Les  Mayfield
For Richer or Poorer;United States;3.27E7; Bryan  Spicer
Home Alone 3;United States;7.91E7; Raja  Gosnell
Scream 2;United States;1.724E8; Wes  Craven
The Sweet Hereafter;Canada;3300000.0; Atom  Egoyan
The Winter Guest;United Kingdom;1300000.0; Alan  Rickman
Kundun;United States;5700000.0; Martin  Scorsese
Mr. Magoo;United States;2.89E7; Stanley  Tong
The Big Lebowski;United Kingdom;4.67E7; Coen  brothers
The Big Lebowski;United States;4.67E7; Coen  brothers
Great Expectations;United States;5.55E7; Alfonso  Cuarón
Oscar and Lucinda;Australia;4953510.0; Gillian  Armstrong
Oscar and Lucinda;United Kingdom;4953510.0; Gillian  Armstrong
Oscar and Lucinda;United States;4953510.0; Gillian  Armstrong
Half Baked;United States;1.75E7; Tamra  Davis
Dangerous Beauty;United States;4000000.0; Marshall  Herskovitz
Nil by Mouth;France;266130.0; Gary  Oldman
Nil by Mouth;United Kingdom;266130.0; Gary  Oldman
Twilight;United States;1.51E7; Robert  Benton
U.S. Marshals;United States;1.024E8; Stuart  Baird
Love and Death on Long Island;Canada;3000000.0; Richard  Kwietniowski
Love and Death on Long Island;United Kingdom;3000000.0; Richard  Kwietniowski
Primary Colors;United States;5.21E7; Mike  Nichols
Lost in Space;United States;1.362E8; Stephen  Hopkins  (director)
Mercury Rising;United States;9.31E7; Harold  Becker
City of Angels;United States;1.987E8; Brad  Silberling
The City of Lost Children;France;1700000.0;Jean-Pierre Jeunet
The City of Lost Children;Germany;1700000.0;Jean-Pierre Jeunet
The City of Lost Children;Spain;1700000.0;Jean-Pierre Jeunet
The City of Lost Children;France;1700000.0;Marc Caro
The City of Lost Children;Germany;1700000.0;Marc Caro
The City of Lost Children;Spain;1700000.0;Marc Caro
Two Bits;United States;26282.0; James  Foley  (director)
Farewell My Concubine;China;5216888.0; Chen  Kaige
Farewell My Concubine;Hong Kong;5216888.0; Chen  Kaige
Dead Man;United States;1000000.0; Jim  Jarmusch
Raise the Red Lantern;China;2600000.0; Zhang  Yimou
Raise the Red Lantern;Hong Kong;2600000.0; Zhang  Yimou
White Squall;United States;1.02923E7; Ridley  Scott
Music from the Motion Picture;United States;5.56E7; Andrew  Fleming
The Craft;United States;5.56E7; Andrew  Fleming
The Craft:;United States;5.56E7; Andrew  Fleming
Harriet the Spy;United States;2.66E7; Bronwen  Hughes
The Island of Dr. Moreau;United States;4.96E7; John  Frankenheimer
First Kid;United States;2.646592E7; David  Mickey  Evans
The Funeral;United States;1412799.0; Abel  Ferrara
The Preacher's Wife;United States;4.81E7; Penny  Marshall
Paradise Road;Australia;2007100.0; Bruce  Beresford
Brassed Off;United Kingdom;3000000.0; Mark  Herman
A Thousand Acres;United States;7900000.0; Jocelyn  Moorhouse
A Smile Like Yours;United States;3330352.0; Keith  Samples
Airheads;United States;5800000.0; Michael  Lehmann
With Honors;United States;2.0E7; Alek  Keshishian
What's Love Got to Do with It;United States;5.6E7; Brian  Gibson  (director)
Killing Zoe;France;1300000.0; Roger  Avary
Killing Zoe;United States;1300000.0; Roger  Avary
Renaissance Man;United States;2.4332324E7; Penny  Marshall
Charade;United States;1.34E7; Stanley  Donen
The Fox and the Hound;United States;6.35E7;Art Stevens
The Fox and the Hound;United States;6.35E7;Ted Berman
The Fox and the Hound;United States;6.35E7;Richard Rich
Le Grand Bleu;France;3600000.0; Luc  Besson
Le Grand Bleu;Italy;3600000.0; Luc  Besson
Le Grand Bleu;United States;3600000.0; Luc  Besson
The Big Blue;France;3600000.0; Luc  Besson
The Big Blue;Italy;3600000.0; Luc  Besson
The Big Blue;United States;3600000.0; Luc  Besson
Booty Call;United States;2.0050376E7; Jeff  Pollack
How to Make an American Quilt;United States;4.1E7; Jocelyn  Moorhouse
Georgia;United States;1110104.0; Ulu  Grosbard
The Indian in the Cupboard;United Kingdom;3.57E7; Frank  Oz
The Indian in the Cupboard;United States;3.57E7; Frank  Oz
Blue in the Face;United States;1268636.0; Wayne  Wang
Blue in the Face;United States;1268636.0; Paul  Auster
Unstrung Heroes;United States;7929434.0; Diane  Keaton
Unzipped;United States;2875086.0; Douglas  Keeve
Before Sunrise;Austria;5500000.0; Richard  Linklater
Before Sunrise;United States;5500000.0; Richard  Linklater
Nobody's Fool;United States;3.95E7; Robert  Benton
Orlando;France;1519690.0; Sally  Potter
Orlando;Italy;1519690.0; Sally  Potter
Orlando;Netherlands;1519690.0; Sally  Potter
Orlando;Russia;1519690.0; Sally  Potter
Orlando;United Kingdom;1519690.0; Sally  Potter
Orlando;France;5319445.0; Sally  Potter
Orlando;Italy;5319445.0; Sally  Potter
Orlando;Netherlands;5319445.0; Sally  Potter
Orlando;Russia;5319445.0; Sally  Potter
Orlando;United Kingdom;5319445.0; Sally  Potter
A Month by the Lake;United Kingdom;2101087.0; John  Irvin
A Month by the Lake;United States;2101087.0; John  Irvin
Funny Face;United States;2500000.0; Stanley  Donen
An Affair to Remember;United States;3850000.0; Leo  McCarey
Hear My Song;United Kingdom;4413473.0; Peter  Chelsom
Hear My Song;United Kingdom;739989.0; Peter  Chelsom
Mediterraneo;Italy;4500000.0; Gabriele  Salvatores
Passion Fish;United States;4814619.0; John  Sayles
Eye for an Eye;United States;2.69E7; John  Schlesinger
Fear;United States;2.08E7; James  Foley  (director)
Solo;United States;5107669.0; Norberto  Barba
The Substitute;United States;1.4818176E7; Robert  Mandel
Heaven's Prisoners;United States;5009305.0; Phil  Joanou
The Trigger Effect;United States;3600000.0; David  Koepp
Mother Night;United States;403701.0; Keith  Gordon
Maximum Risk;United States;5.17E7; Ringo  Lam
The Rich Man's Wife;United States;8543587.0; Amy  Holden  Jones
Shadow Conspiracy;United States;2300000.0; George  P.  Cosmatos
Blood and Wine;United States;1100000.0; Bob  Rafelson
Turbulence;United States;1.15E7; Robert  Butler  (director)
The Beautician and the Beast;United States;1.15E7; Ken  Kwapis
Cats Don't Dance;United States;3600000.0; Mark  Dindal
Anna Karenina;United Kingdom;2196650.0; Bernard  Rose  (director)
Anna Karenina;United States;2196650.0; Bernard  Rose  (director)
Hercules;United States;2.527E8;John Musker
Hercules;United States;2.527E8;Ron Clements
The Last Time I Committed Suicide;United States;46362.0; Stephen  Kay
Kiss Me, Guido;United States;1918497.0; Tony  Vitale
The Big Green;United States;1.77E7; Holly  Goldberg  Sloan
Cabin Boy;United States;3700000.0; Adam  Resnick
Clean Slate;United States;7400000.0; Mick  Jackson  (director)
Lightning Jack;Australia;2.5E7; Simon  Wincer
Lightning Jack;United States;2.5E7; Simon  Wincer
The Stupids;Canada;2500000.0; John  Landis
The Stupids;United Kingdom;2500000.0; John  Landis
The Stupids;United States;2500000.0; John  Landis
The Pest;United States;3600000.0; Paul  Miller  (TV  director)
Until the End of the World;Australia;752856.0; Wim  Wenders
Until the End of the World;France;752856.0; Wim  Wenders
Until the End of the World;Germany;752856.0; Wim  Wenders
Until the End of the World;United States;752856.0; Wim  Wenders
Waiting for Guffman;United States;2900000.0; Christopher  Guest
I Shot Andy Warhol;United Kingdom;1900000.0; Mary  Harron
I Shot Andy Warhol;United States;1900000.0; Mary  Harron
Stealing Beauty;France;4700000.0; Bernardo  Bertolucci
Stealing Beauty;Italy;4700000.0; Bernardo  Bertolucci
Stealing Beauty;United Kingdom;4700000.0; Bernardo  Bertolucci
Basquiat;United States;3000000.0; Julian  Schnabel
2;United States;1.11329E7; John  Herzfeld
Private Parts;United States;4.12E7; Betty  Thomas
Anaconda;United States;1.368E8; Luis  Llosa
Romy and Michele's High school Reunion:;United States;2.92E7; David  Mirkin
Tie Me Up! Tie Me Down!;Spain;8000000.0; Pedro  Almodóvar
Gaslight;United States;4600000.0; George  Cukor
Radio adaptation of Gaslight;United States;4600000.0; George  Cukor
Fast, Cheap & Out of Control;United States;878960.0; Errol  Morris
Mrs Dalloway;Netherlands;4000000.0; Marleen  Gorris
Mrs Dalloway;United Kingdom;4000000.0; Marleen  Gorris
Mrs Dalloway;United States;4000000.0; Marleen  Gorris
Fire Down Below;United States;2.45E7; Félix  Enríquez  Alcalá
Grumpier Old Men;United States;7.15E7; Howard  Deutch
Jury Duty;United States;1.7E7; John  Fortenberry
The Beverly Hillbillies;United States;5.74E7; Penelope  Spheeris
Lassie;United States;9979683.0; Daniel  Petrie
Little Big League;United States;1.2E7; Andrew  Scheinman
Homeward Bound II:;United States;3.27E7; David  R.  Ellis
Lost in San Francisco;United States;3.27E7; David  R.  Ellis
The Quest;United States;5.74E7; Jean-Claude  Van  Damme
Cool Runnings;United States;1.549E8; Jon  Turteltaub
Drop Dead Fred;United Kingdom;1.48E7; Ate  de  Jong
Drop Dead Fred;United States;1.48E7; Ate  de  Jong
Grease 2;United States;1.52E7; Patricia  Birch
Hamlet;United Kingdom;4700000.0; Kenneth  Branagh
Hamlet;United States;4700000.0; Kenneth  Branagh
Two If by Sea;United States;1.07E7; Bill  Bennett  (director)
Forget Paris;United States;3.3E7; Billy  Crystal
Just Cause;United States;3.68E7; Arne  Glimcher
Fearless;United States;7000000.0; Peter  Weir
Dracula: Dead And Loving It;France;1.07E7; Mel  Brooks
Dracula: Dead and Loving It;France;1.07E7; Mel  Brooks
Dracula: Dead And Loving It;United States;1.07E7; Mel  Brooks
Dracula: Dead and Loving It;United States;1.07E7; Mel  Brooks
Now and Then;United States;3.76E7; Lesli  Linka  Glatter
Mr. Wrong;United States;1.28E7; Nick  Castle
A Simple Twist of Fate;United States;3430583.0; Gillies  MacKinnon
Cronos;Mexico;621392.0; Guillermo  del  Toro
The Pallbearer;United States;8000000.0; Matt  Reeves
Don't Be a Menace to South Central While Drinking Your Juice in the Hood;United States;2.01E7; Paris  Barclay
The Adventures of Pinocchio;Czech Republic;1.509453E7; Steve  Barron
The Adventures of Pinocchio;France;1.509453E7; Steve  Barron
The Adventures of Pinocchio;Germany;1.509453E7; Steve  Barron
The Adventures of Pinocchio;United Kingdom;1.509453E7; Steve  Barron
The Adventures of Pinocchio;United States;1.509453E7; Steve  Barron
The Evening Star;United States;1.2767815E7; Robert  Harling  (writer)
Four Days in September;Brazil;1800000.0; Bruno  Barreto
A Little Princess;United States;1.0E7; Alfonso  Cuarón
Crossfire;United States;2500000.0; Edward  Dmytryk
Koyaanisqatsi;United States;3200000.0; Godfrey  Reggio
Balto;United States;1.1E7; Simon  Wells
Balto;United States;2.3E7; Simon  Wells
Bottle Rocket;United States;560069.0; Wes  Anderson
Living in Oblivion;United States;1100000.0; Tom  DiCillo
Party Girl;United States;472370.0; Daisy  von  Scherler  Mayer
Shallow Grave;United Kingdom;1.98E7; Danny  Boyle
Reality Bites;United States;3.34E7; Ben  Stiller
A Man of No Importance;Ireland;934550.0; Suri  Krishnamma
A Man of No Importance;United Kingdom;934550.0; Suri  Krishnamma
The Pagemaster;United States;1.37E7;Joe Johnston
The Pagemaster;United States;1.37E7;Maurice Hunt
Love and a .45;United States;35200.0;C.M. Talkington
Oliver & Company;United States;1.21E8; George  Scribner
Joe's Apartment;United States;4619014.0;John Payson
Curdled;United States;49620.0;Reb Braddock
Albino Alligator;United States;339379.0; Kevin  Spacey
Carried Away;United States;290978.0; Bruno  Barreto
It's My Party;United States;622503.0; Randal  Kleiser
Bloodsport;United States;5.0E7; Newt  Arnold
Speed 2: Cruise Control;United States;1.645E8; Jan  de  Bont
Sliver;United States;1.163E8; Phillip  Noyce
Dear God;United States;7138523.0; Garry  Marshall
High School High;United States;2.1302121E7; Hart  Bochner
Flirting with Disaster;United States;1.4702438E7; David  O.  Russell
Six Degrees of Separation;United States;6400000.0; Fred  Schepisi
Two Much;Spain;1.36E7; Fernando  Trueba
Two Much;United States;1.36E7; Fernando  Trueba
Man Bites Dog;Belgium;205569.0; Benoît  Poelvoorde
Man Bites Dog;Belgium;205569.0; André  Bonzel
Man Bites Dog;Belgium;205569.0; Rémy  Belvaux
The Newton Boys;United States;1.0452012E7; Richard  Linklater
Beyond Rangoon;United States;5750110.0; John  Boorman
Feast of July;United Kingdom;293274.0; Christopher  Menaul
Feast of July;United States;293274.0; Christopher  Menaul
Death and the Maiden;France;3103716.0; Roman  Polanski
Death and the Maiden;United Kingdom;3103716.0; Roman  Polanski
Death and the Maiden;United States;3103716.0; Roman  Polanski
Tank Girl;United States;6000000.0; Rachel  Talalay
Tank Girl – Original Soundtrack;United States;6000000.0; Rachel  Talalay
Double Happiness;Canada;759393.0;Mina Shum
Cobb;United States;1007600.0; Ron  Shelton
Mrs. Parker and the Vicious Circle;United States;2144667.0; Alan  Rudolph
The Mark of Zorro;United States;2000000.0; Rouben  Mamoulian
Surviving Picasso;United States;2000000.0; James  Ivory
Up in Smoke;United States;1.04E8; Lou  Adler
Some Kind of Wonderful;United States;1.85E7; Howard  Deutch
The Umbrellas of Cherbourg;France;7600000.0; Jacques  Demy
The Umbrellas of Cherbourg;West Germany;7600000.0; Jacques  Demy
;United States;4940000.0; Richard  Brooks
The Last Time I Saw Paris;United States;4940000.0; Richard  Brooks
The Innocents;United Kingdom;1200000.0; Jack  Clayton
The Innocents;United States;1200000.0; Jack  Clayton
The Truman Show;United States;2.641E8; Peter  Weir
Safe;United Kingdom;512245.0; Todd  Haynes
Safe;United States;512245.0; Todd  Haynes
Feeling Minnesota;United States;3124440.0; Steven  Baigelman
Escape to Witch Mountain;United States;2.0E7; John  Hough  (director)
Get on the Bus;United States;5691854.0; Spike  Lee
The Doors;United States;3.44E7; Oliver  Stone
Ghosts of Mississippi;United States;1.3323144E7; Rob  Reiner
Beautiful Thing;United Kingdom;3072738.0;Hettie Macdonald
Best Men;United States;5000.0;Tamra Davis
Hackers;United States;2.87E7; Iain  Softley
The Road to Wellville;United States;6562513.0; Alan  Parker
The War Room;United States;901668.0; Chris  Hegedus
The War Room;United States;901668.0; D.  A.  Pennebaker
When We Were Kings;United States;2789985.0; Leon  Gast
Hard Eight;United States;222559.0; Paul  Thomas  Anderson
Blue Chips;United States;2.6E7; William  Friedkin
My Family;United States;1.11E7; Gregory  Nava
Tom & Viv;United Kingdom;538534.0; Brian  Gilbert  (director)
Tom & Viv;United States;538534.0; Brian  Gilbert  (director)
In Love and War;United States;2.5372294E7; Richard  Attenborough
Backbeat;Germany;2392589.0; Iain  Softley
Backbeat;United Kingdom;2392589.0; Iain  Softley
The Relic;United States;4.8024912E7; Peter  Hyams
Love! Valour! Compassion!;United States;2900000.0; Joe  Mantello
Phat Beach;United States;1383553.0; Doug  Ellin
The Portrait of a Lady;United Kingdom;3700000.0; Jane  Campion
The Portrait of a Lady;United States;3700000.0; Jane  Campion
Zeus and Roxanne;United States;7200000.0; George  T.  Miller
Big Bully;United States;2000000.0; Steve  Miner
The Sum of Us;Australia;3827456.0; Kevin  Dowling  (director)
The Sum of Us;Australia;3827456.0;Geoff Burton
Little Buddha;France;4858139.0; Bernardo  Bertolucci
Little Buddha;Italy;4858139.0; Bernardo  Bertolucci
Little Buddha;United Kingdom;4858139.0; Bernardo  Bertolucci
Spanking the Monkey;United States;1359736.0; David  O.  Russell
Wild Reeds;France;5200000.0; André  Téchiné
The Women;United States;2270000.0; George  Cukor
Hugo Pool;United States;13330.0; Robert  Downey  Sr.
Welcome to Sarajevo;United Kingdom;334319.0; Michael  Winterbottom
Welcome to Sarajevo;United States;334319.0; Michael  Winterbottom
Dunston Checks In;Canada;9900000.0; Ken  Kwapis
Dunston Checks In;United States;9900000.0; Ken  Kwapis
Major Payne;United States;3.01E7; Nick  Castle
Man of the House;United States;4.0070995E7; James  Orr  (filmmaker)
I Love Trouble;United States;6.19E7; Charles  Shyer
A Low Down Dirty Shame;United States;2.94E7; Keenen  Ivory  Wayans
Cops & Robbersons;United States;1.1391093E7; Michael  Ritchie  (film  director)
The Cowboy Way;United States;2.03E7; Gregg  Champion
The Inkwell;United States;8880705.0; Matty  Rich
Young Guns II;United States;5.9E7; Geoff  Murphy
Prefontaine;United States;589304.0; Steve  James  (film  producer)
That Old Feeling;United States;1.6574176E7; Carl  Reiner
Once Were Warriors;New Zealand;6700000.0; Lee  Tamahori
Savage Nights;France;662341.0; Cyril  Collard
Purple Noon;France;618090.0; René  Clément
Purple Noon;Italy;618090.0; René  Clément
Top Hat;United States;3200000.0; Mark  Sandrich
To Be or Not to Be;United States;1500000.0; Ernst  Lubitsch
Amos & Andrew;United States;9700000.0; E.  Max  Frye
Jade;United States;9900000.0; William  Friedkin
Kiss of Death;United States;1.49E7; Barbet  Schroeder
Mixed Nuts;United States;6800000.0;Nora Ephron
Virtuosity;United States;2.41E7; Brett  Leonard
Flesh and Bone;United States;9488998.0; Steve  Kloves
Guilty as Sin;United States;4.1E7; Sidney  Lumet
Assassins;United States;8.33E7; Richard  Donner
A Goofy Movie;United States;3.76E7; Kevin  Lima
Higher Learning;United States;3.83E7; John  Singleton
When a Man Loves a Woman;United States;5.0E7; Luis  Mandoki
Judgment Night;United States;1.2136999E7; Stephen  Hopkins  (director)
King of the Hill;United States;1200000.0; Steven  Soderbergh
Angus;France;4800000.0; Patrick  Read  Johnson
Angus;Germany;4800000.0; Patrick  Read  Johnson
Angus;United Kingdom;4800000.0; Patrick  Read  Johnson
Angus;United States;4800000.0; Patrick  Read  Johnson
Angus: Music from the Motion Picture;France;4800000.0; Patrick  Read  Johnson
Angus: Music from the Motion Picture;Germany;4800000.0; Patrick  Read  Johnson
Angus: Music from the Motion Picture;United Kingdom;4800000.0; Patrick  Read  Johnson
Angus: Music from the Motion Picture;United States;4800000.0; Patrick  Read  Johnson
Night Falls on Manhattan;United States;9889670.0; Sidney  Lumet
An Awfully Big Adventure;United Kingdom;259724.0; Mike  Newell  (director)
Under Siege 2: Dark Territory;United States;1.05E8; Geoff  Murphy
Marked for Death;United States;5.8E7; Dwight  H.  Little
Madonna: Truth or Dare;United States;2.9E7; Alek  Keshishian
Chairman of the Board;United States;181233.0; Alex  Zamm
The Van;Ireland;712095.0; Stephen  Frears
The Night Flier;Italy;125397.0;Mark Pavia
The Night Flier;United States;125397.0;Mark Pavia
Metro;United States;3.2E7; Thomas  Carter  (director)
Gridlock'd;United States;5600000.0; Vondie  Curtis-Hall
Bushwhacked;United States;7900000.0; Greg  Beeman
Blink;United States;1.6696219E7; Michael  Apted
For Love or Money;United States;1.114627E7; Barry  Sonnenfeld
The Tie That Binds;United States;5772529.0; Wesley  Strick
Gone Fishin';United States;1.97E7; Christopher  Cain
Broken English;New Zealand;541377.0;Gregor Nicholas
The Designated Mourner;United Kingdom;63000.0; David  Hare  (playwright)
Trial and Error;United States;1.4598571E7; Jonathan  Lynn
Total Eclipse;Belgium;340139.0; Agnieszka  Holland
Total Eclipse;France;340139.0; Agnieszka  Holland
Total Eclipse;Italy;340139.0; Agnieszka  Holland
Total Eclipse;United Kingdom;340139.0; Agnieszka  Holland
Total Eclipse;United States;340139.0; Agnieszka  Holland
The Run of the Country;United States;470768.0; Peter  Yates
Walking and Talking;France;1600000.0; Nicole  Holofcener
Walking and Talking;Germany;1600000.0; Nicole  Holofcener
Walking and Talking;United Kingdom;1600000.0; Nicole  Holofcener
Walking and Talking;United States;1600000.0; Nicole  Holofcener
Foxfire;United States;269300.0;Annette Haywood-Carter
Clockers;United States;1.3071518E7; Spike  Lee
Bitter Moon;France;1900000.0; Roman  Polanski
Bitter Moon;United Kingdom;1900000.0; Roman  Polanski
Love in the Afternoon;United States;2000000.0; Billy  Wilder
Life with Mikey;United States;1.2440858E7; James  Lapine
Color of Night;United States;1.97E7; Richard  Rush  (director)
RoboCop 3;United States;4.7E7; Fred  Dekker
Sunset Park;United States;1.0163782E7; Steve  Gomer
Selena;United States;3.55E7; Gregory  Nava
Wild America;United States;7300000.0; William  Dear
Gang Related;United States;5900000.0; Jim  Kouf
The Grass Harp;United States;559677.0; Charles  Matthau
Out to Sea;United States;2.9022252E7;Martha Coolidge
Before and After;United States;8797839.0; Barbet  Schroeder
Princess Caraboo;United States;3062530.0;Michael Austin
Shall We Dance;United States;2168000.0; Mark  Sandrich
Jack and Sarah;France;218626.0; Tim  Sullivan  (British  filmmaker)
Jack and Sarah;United Kingdom;218626.0; Tim  Sullivan  (British  filmmaker)
Jack and Sarah;France;2475758.0; Tim  Sullivan  (British  filmmaker)
Jack and Sarah;United Kingdom;2475758.0; Tim  Sullivan  (British  filmmaker)
Country Life;Australia;350354.0; Michael  Blakemore
Country Life;Australia;360957.0; Michael  Blakemore
A Simple Wish;United States;8345056.0; Michael  Ritchie  (film  director)
Star Kid;United States;7029025.0; Manny  Coto
Love Affair;United States;1.8272894E7; Glenn  Gordon  Caron
The Band Wagon;United States;3500000.0; Vincente  Minnelli
Penny Serenade;United States;835000.0; George  Stevens
Stripes;United States;8.53E7; Ivan  Reitman
The Getaway;United States;3.0E7; Roger  Donaldson
National Lampoon's Senior Trip;United States;4686937.0; Kelly  Makin
Delta of Venus;United States;63174.0; Zalman  King
A Walk in the Sun;United States;1600000.0; Lewis  Milestone
A Walk in the Sun;United States;2250000.0; Lewis  Milestone
Waiting to Exhale;United States;8.2E7; Forest  Whitaker
Palmetto;Germany;5878911.0; Volker  Schlöndorff
Palmetto;United States;5878911.0; Volker  Schlöndorff
Surviving the Game;United States;7727256.0; Ernest  Dickerson
Inventing the Abbotts;United States;5900000.0; Pat  O'Connor  (director)
The Horse Whisperer;United States;1.869E8; Robert  Redford
The Journey of August King;United States;14381.0; John  Duigan
The Neon Bible;United Kingdom;78072.0; Terence  Davies
Boys;United States;516350.0; Stacy  Cochran
An Unforgettable Summer;France;65352.0; Lucian  Pintilie
An Unforgettable Summer;Romania;65352.0; Lucian  Pintilie
Kazaam;United States;1.89E7; Paul  Michael  Glaser
Larger Than Life;United States;8300000.0; Howard  Franklin
Infinity;United States;195170.0; Matthew  Broderick
For the Moment;Canada;121548.0;Aaron Kim Johnston
The Search for One-eye Jimmy;United States;71314.0;Sam Henry Kass
American Strays;United States;1910.0;Michael Covert
I Can't Sleep;France;400000.0; Claire  Denis
The Marine;United States;2.22E7;John Bonito
Meet Wally Sparks;United States;4100000.0; Peter  Baldwin  (director)
Hotel de Love;Australia;111106.0;Craig Rosenberg
Hotel de Love;Australia;943903.0;Craig Rosenberg
Love and Other Catastrophes;Australia;431000.0; Emma-Kate  Croghan
Mowgli & Baloo;United States;346056.0; Dee  McLachlan
The Second Jungle Book:;United States;346056.0; Dee  McLachlan
Body Hammer;Japan;2550.0; Shinya  Tsukamoto
Tetsuo II:;Japan;2550.0; Shinya  Tsukamoto
Amy Foster;United Kingdom;283081.0; Beeban  Kidron
Swept from the Sea;United Kingdom;283081.0; Beeban  Kidron
Amy Foster;United States;283081.0; Beeban  Kidron
Swept from the Sea;United States;283081.0; Beeban  Kidron
Hurricane Streets;United States;375634.0; Morgan  J.  Freeman
Of Human Bondage;United States;592000.0; John  Cromwell  (director)
Picture Bride;United States;1238905.0; Kayo  Hatta
M. Butterfly;United States;1498795.0; David  Cronenberg
Withnail and I;United Kingdom;1544889.0; Bruce  Robinson
Withnail and I;United Kingdom;1627318.0; Bruce  Robinson
Withnail and I;United Kingdom;565112.0; Bruce  Robinson
Withnail and I;United Kingdom;103117.0; Bruce  Robinson
Boys Life 2;United States;532654.0; Mark  Christopher  (director)
Boys Life 2;United States;532654.0; Nickolas  Perry
Boys Life 2;United States;532654.0;Tom DeCerchio
Boys Life 2;United States;532654.0;Tom Donaghy
The Specialist;United States;1.704E8; Luis  Llosa
Gordy;United States;3900000.0;Mark Lewis
The Swan Princess;United States;9800000.0; Richard  Rich  (filmmaker)
Barbarella;France;5500000.0; Roger  Vadim
Barbarella;Italy;5500000.0; Roger  Vadim
Coldblooded;United States;16198.0; Wallace  Wolodarsky
The Next Karate Kid;United States;1.58E7; Christopher  Cain
The Joy Luck Club;United States;3.29E7; Wayne  Wang
Highlander III: The Sorcerer;Canada;3.67E7; Andy  Morahan
Highlander III: The Sorcerer;France;3.67E7; Andy  Morahan
Highlander III: The Sorcerer;United Kingdom;3.67E7; Andy  Morahan
The Walking Dead;United States;6014341.0; Preston  A.  Whitmore  II
Preston A. Whitmore II;United States;6014341.0; Preston  A.  Whitmore  II
I Like It Like That;United States;1760527.0; Darnell  Martin
I'll Do Anything;United States;1.0E7; James  L.  Brooks
Grace of My Heart;United States;660313.0; Allison  Anders
SubUrbia;United States;656747.0; Richard  Linklater
Sliding Doors;United Kingdom;6.7E7; Peter  Howitt
Sliding Doors;United States;6.7E7; Peter  Howitt
The Mighty;United States;2700000.0; Peter  Chelsom
Shooting Fish;United Kingdom;4000000.0; Stefan  Schwartz
Steal Big Steal Little;United States;3150170.0; Andrew  Davis  (director)
House Party 3;United States;1.9E7;Eric Meza
Panther;United Kingdom;6834525.0; Mario  Van  Peebles
Panther;United States;6834525.0; Mario  Van  Peebles
Jason's Lyric;United States;2.0851521E7; Doug  McHenry
Above the Rim;United States;1.619232E7; Jeff  Pollack
Moonlight and Valentino;Canada;2484226.0; David  Anspaugh
Moonlight and Valentino;United Kingdom;2484226.0; David  Anspaugh
Moonlight and Valentino;United States;2484226.0; David  Anspaugh
The Scarlet Letter;United States;1.04E7; Roland  Joffé
8.0;United States;1.9623396E7; John  G.  Avildsen
Ladybird, Ladybird;United Kingdom;97482.0; Ken  Loach
Bye Bye Love;United States;1.21E7; Sam  Weisman
My Favorite Season;France;1.1E7; André  Téchiné
Pather Panchali;India;1.0E7; Satyajit  Ray
Pather Panchali;India;135342.0; Satyajit  Ray
Golden Earrings;United States;2950000.0; Mitchell  Leisen
Foreign Correspondent;United States;1598435.0; Alfred  Hitchcock
Lady of Burlesque;United States;1850000.0; William  A.  Wellman
The Outlaw;United States;5075000.0; Howard  Hughes
Love Is All There Is;United States;32925.0; Joseph  Bologna
Love Is All There Is;United States;32925.0; Renée  Taylor
A Damsel in Distress;United States;1465000.0; George  Stevens
Sleepover;United States;1.0E7; Joe  Nussbaum
Les Boys;Canada;1.0602341E7;Louis Saïa
The Stars Fell on Henrietta;United States;99318.0; James  Keach
The Saint of Fort Washington;United States;134454.0; Tim  Hunter  (director)
The Cure;United States;2570000.0; Peter  Horton
Gumby: The Movie;United States;57100.0; Art  Clokey
Les Visiteurs;France;9.88E7; Jean-Marie  Poiré
Bhaji on the Beach;United Kingdom;735192.0; Gurinder  Chadha
Nightwatch;United States;1300000.0; Ole  Bornedal
Dead Presidents;United States;2.41E7;Hughes brothers
Reckless;United States;103351.0; Norman  René
Herbie Rides Again;United States;3.08E7; Robert  Stevenson  (director)
Herbie Rides Again;United States;3.8229E7; Robert  Stevenson  (director)
S.F.W.;United States;63513.0; Jefery  Levy
The Man in the Iron Mask;United States;1.83E8; Randall  Wallace
The Jerky Boys: The Movie;United States;7600000.0; James  Melkonian
Colonel Chabert;France;1.32E7; Yves  Angelo
Even Cowgirls Get the Blues;United States;1700000.0; Gus  Van  Sant
Germinal;France;3.61E7; Claude  Berri
Chasers;United States;1600000.0; Dennis  Hopper
Santa with Muscles;United States;220198.0;John Murlowski
Daniel Algrant;United States;1038959.0; Daniel  Algrant
Naked in New York;United States;1038959.0; Daniel  Algrant
Gold Diggers: The Secret of Bear Mountain;United States;6000000.0;Kevin James Dobson
Nelly and Mr. Arnaud;France;1.95E7; Claude  Sautet
Nelly and Mr. Arnaud;Germany;1.95E7; Claude  Sautet
Nelly and Mr. Arnaud;Italy;1.95E7; Claude  Sautet
Mad Dog Time;United States;107874.0; Larry  Bishop
The World of Apu;India;75.0;Satyajit Ray
Sprung;United States;7575028.0; Rusty  Cundieff
Wings of Courage;France;1.5054636E7; Jean-Jacques  Annaud
Wings of Courage;United States;1.5054636E7; Jean-Jacques  Annaud
Losing Isaiah;United States;7600000.0; Stephen  Gyllenhaal
Mr. Wonderful;United States;3125424.0; Anthony  Minghella
Trial by Jury;United States;6971777.0; Heywood  Gould
A Good Man in Africa;South Africa;2308390.0; Bruce  Beresford
A Good Man in Africa;United Kingdom;2308390.0; Bruce  Beresford
A Good Man in Africa;United States;2308390.0; Bruce  Beresford
The Object of My Affection;United States;4.69E7; Nicholas  Hytner
Witness;United States;6.87E7; Peter  Weir
Senseless;United States;1.3109234E7; Penelope  Spheeris
Nowhere;France;194201.0; Gregg  Araki
Nowhere;United States;194201.0; Gregg  Araki
Underground;Bulgaria;171082.0; Emir  Kusturica
Underground;Czech Republic;171082.0; Emir  Kusturica
Underground;France;171082.0; Emir  Kusturica
Underground;Germany;171082.0; Emir  Kusturica
Underground;Hungary;171082.0; Emir  Kusturica
Underground;Yugoslavia;171082.0; Emir  Kusturica
Jefferson in Paris;France;4400000.0; James  Ivory
Jefferson in Paris;United States;4400000.0; James  Ivory
Far from Home: The Adventures of Yellow Dog;United States;1.1642945E7; Phillip  Borsos
Cosi;Australia;2896980.0; Mark  Joffe
All Over Me;United States;150646.0;Alex Sichel
The Amazing Panda Adventure;United States;7506759.0; Christopher  Cain
Johns;United States;50789.0; Scott  Silver
It Takes Two;United States;1.95E7; Andy  Tennant
The Show;United States;2702578.0; Brian  Robbins
Destiny Turns on the Radio;United States;1176982.0;Jack Baran
The Glass Shield;United States;3300000.0; Charles  Burnett  (director)
The Hunted;United States;6600000.0; J.  F.  Lawton
The Underneath;United States;536023.0; Steven  Soderbergh
Safe Passage;United States;1600000.0; Robert  Allan  Ackerman
The Man from Down Under;United States;1070000.0; Robert  Z.  Leonard
T-Men;United States;1600000.0; Anthony  Mann
T-Men;United States;2500000.0; Anthony  Mann
Hard Boiled;Hong Kong;1.97E7; John  Woo
Schizopolis;United States;10580.0; Steven  Soderbergh
Death in Brunswick;Australia;2725169.0; John  Ruane  (director)
Romper Stomper;Australia;3300000.0; Geoffrey  Wright
City of Industry;United States;1568328.0; John  Irvin
A Price Above Rubies;United Kingdom;1081957.0; Boaz  Yakin
A Price Above Rubies;United States;1081957.0; Boaz  Yakin
Buddy;United States;1.01E7; Caroline  Thompson
Truth or Consequences, N.M.;United States;122046.0; Kiefer  Sutherland
The Leading Man;United Kingdom;18012.0; John  Duigan
The Reluctant Debutante;United States;2980000.0; Vincente  Minnelli
Warriors of Virtue;Canada;6524620.0; Ronny  Yu
Warriors of Virtue;China;6524620.0; Ronny  Yu
Warriors of Virtue;Hong Kong;6524620.0; Ronny  Yu
Warriors of Virtue;United States;6524620.0; Ronny  Yu
King of New York;Italy;2500000.0; Abel  Ferrara
King of New York;United States;2500000.0; Abel  Ferrara
The 6th Man;United States;1.48E7; Randall  Miller
Paris, France;Canada;44159.0; Jerry  Ciccoritti
Hush;United States;1.36E7;Jonathan Darby
Land and Freedom;France;228800.0; Ken  Loach
Land and Freedom;Germany;228800.0; Ken  Loach
Land and Freedom;Italy;228800.0; Ken  Loach
Land and Freedom;Spain;228800.0; Ken  Loach
Land and Freedom;United Kingdom;228800.0; Ken  Loach
Normal Life;United States;22891.0; John  McNaughton
Some Mother's Son;Ireland;671437.0; Terry  George
Some Mother's Son;United States;671437.0; Terry  George
Angel Baby;Australia;1070726.0; Michael  Rymer
The Butcher Boy;Ireland;5000000.0; Neil  Jordan
The Butcher Boy;United States;5000000.0; Neil  Jordan
Men with Guns;United States;910773.0; John  Sayles
The Spanish Prisoner;United States;1.38E7; David  Mamet
Getting Away with Murder;United States;197322.0; Harvey  Miller  (screenwriter)
8;United Kingdom;4000000.0; Tom  Schulman
8;United States;4000000.0; Tom  Schulman
Ripe;United States;79727.0;Mo Ogrodnik
Wedding Bell Blues;United States;44052.0;Dana Lustig
Sunchaser;United States;21508.0; Michael  Cimino
B. Monkey;United Kingdom;39371.0; Michael  Radford
B. Monkey;United States;39371.0; Michael  Radford
You So Crazy;United States;1.0184701E7; Thomas  Schlamme
